,url
0,https://academia.stackexchange.com/questions/97024
1,https://askubuntu.stackexchange.com/questions/962828
2,https://astronomy.stackexchange.com/questions/23027
3,https://aviation.stackexchange.com/questions/44443
4,https://blender.stackexchange.com/questions/91786
5,https://boardgames.stackexchange.com/questions/38511
6,https://chemistry.stackexchange.com/questions/83164
7,https://chess.stackexchange.com/questions/18707
8,https://chinese.stackexchange.com/questions/26627
9,https://codegolf.stackexchange.com/questions/144600
10,https://codereview.stackexchange.com/questions/177394
11,https://cooking.stackexchange.com/questions/84665
12,https://crypto.stackexchange.com/questions/51785
13,https://dba.stackexchange.com/questions/187017
14,https://diy.stackexchange.com/questions/124000
15,https://dsp.stackexchange.com/questions/43851
16,https://electronics.stackexchange.com/questions/333191
17,https://ell.stackexchange.com/questions/142679
18,https://engineering.stackexchange.com/questions/17297
19,https://english.stackexchange.com/questions/412920
20,https://ethereum.stackexchange.com/questions/27052
21,https://gamedev.stackexchange.com/questions/149031
22,https://gaming.stackexchange.com/questions/318491
23,https://german.stackexchange.com/questions/39234
24,https://graphicdesign.stackexchange.com/questions/98876
25,https://health.stackexchange.com/questions/13713
26,https://hinduism.stackexchange.com/questions/21380
27,https://history.stackexchange.com/questions/40501
28,https://interpersonal.stackexchange.com/questions/5065
29,https://japanese.stackexchange.com/questions/53369
30,https://judaism.stackexchange.com/questions/85821
31,https://law.stackexchange.com/questions/22728
32,https://lifehacks.stackexchange.com/questions/17467
33,https://math.stackexchange.com/questions/2461461
34,https://mathematica.stackexchange.com/questions/157267
35,https://mathoverflow.stackexchange.com/questions/282742
36,https://money.stackexchange.com/questions/85534
37,https://movies.stackexchange.com/questions/81067
38,https://music.stackexchange.com/questions/62205
39,https://outdoors.stackexchange.com/questions/17218
40,https://parenting.stackexchange.com/questions/31857
41,https://photo.stackexchange.com/questions/93214
42,https://physics.stackexchange.com/questions/361536
43,https://politics.stackexchange.com/questions/25143
44,https://puzzling.stackexchange.com/questions/55418
45,https://rpg.stackexchange.com/questions/107965
46,https://russian.stackexchange.com/questions/15068
47,https://salesforce.stackexchange.com/questions/193003
48,https://scifi.stackexchange.com/questions/171281
49,https://security.stackexchange.com/questions/170756
50,https://skeptics.stackexchange.com/questions/39573
51,https://softwareengineering.stackexchange.com/questions/358611
52,https://stackoverflow.stackexchange.com/questions/46600498
53,https://stats.stackexchange.com/questions/304988
54,https://superuser.stackexchange.com/questions/1256772
55,https://tex.stackexchange.com/questions/394990
56,https://travel.stackexchange.com/questions/102831
57,https://unix.stackexchange.com/questions/396584
58,https://ux.stackexchange.com/questions/112177
59,https://vi.stackexchange.com/questions/13689
60,https://workplace.stackexchange.com/questions/99676
61,https://worldbuilding.stackexchange.com/questions/94219
62,https://writers.stackexchange.com/questions/30438
,url
0,https://blender.stackexchange.com/questions/91827
1,https://codegolf.stackexchange.com/questions/144601
2,https://electronics.stackexchange.com/questions/333208
3,https://gaming.stackexchange.com/questions/319285
4,https://math.stackexchange.com/questions/2461858
5,https://mathematica.stackexchange.com/questions/157290
6,https://rpg.stackexchange.com/questions/107974
7,https://stats.stackexchange.com/questions/306769
,url
0,https://academia.stackexchange.com/questions/97023
1,https://askubuntu.stackexchange.com/questions/962827
2,https://astronomy.stackexchange.com/questions/23026
3,https://aviation.stackexchange.com/questions/44442
4,https://blender.stackexchange.com/questions/91826
5,https://boardgames.stackexchange.com/questions/38510
6,https://chemistry.stackexchange.com/questions/83163
7,https://chess.stackexchange.com/questions/18706
8,https://chinese.stackexchange.com/questions/26626
9,https://codereview.stackexchange.com/questions/177393
10,https://cooking.stackexchange.com/questions/84664
11,https://crypto.stackexchange.com/questions/51784
12,https://dba.stackexchange.com/questions/187016
13,https://diy.stackexchange.com/questions/123999
14,https://dsp.stackexchange.com/questions/43850
15,https://electronics.stackexchange.com/questions/333207
16,https://ell.stackexchange.com/questions/142678
17,https://engineering.stackexchange.com/questions/17296
18,https://english.stackexchange.com/questions/412919
19,https://ethereum.stackexchange.com/questions/27051
20,https://gamedev.stackexchange.com/questions/149030
21,https://gaming.stackexchange.com/questions/319284
22,https://german.stackexchange.com/questions/39233
23,https://graphicdesign.stackexchange.com/questions/98875
24,https://health.stackexchange.com/questions/13712
25,https://hinduism.stackexchange.com/questions/21379
26,https://history.stackexchange.com/questions/40817
27,https://history.stackexchange.com/questions/40816
28,https://interpersonal.stackexchange.com/questions/5064
29,https://japanese.stackexchange.com/questions/53368
30,https://judaism.stackexchange.com/questions/85820
31,https://law.stackexchange.com/questions/22727
32,https://lifehacks.stackexchange.com/questions/17466
33,https://math.stackexchange.com/questions/2461857
34,https://mathematica.stackexchange.com/questions/157289
35,https://mathoverflow.stackexchange.com/questions/282741
36,https://money.stackexchange.com/questions/85533
37,https://movies.stackexchange.com/questions/81066
38,https://music.stackexchange.com/questions/62204
39,https://outdoors.stackexchange.com/questions/17217
40,https://parenting.stackexchange.com/questions/31856
41,https://photo.stackexchange.com/questions/93213
42,https://physics.stackexchange.com/questions/361535
43,https://politics.stackexchange.com/questions/25142
44,https://puzzling.stackexchange.com/questions/55417
45,https://rpg.stackexchange.com/questions/107973
46,https://russian.stackexchange.com/questions/15067
47,https://salesforce.stackexchange.com/questions/193002
48,https://scifi.stackexchange.com/questions/171280
49,https://security.stackexchange.com/questions/170755
50,https://skeptics.stackexchange.com/questions/39572
51,https://softwareengineering.stackexchange.com/questions/358610
52,https://stackoverflow.stackexchange.com/questions/46600497
53,https://stats.stackexchange.com/questions/306768
54,https://superuser.stackexchange.com/questions/1256771
55,https://tex.stackexchange.com/questions/394989
56,https://travel.stackexchange.com/questions/102830
57,https://unix.stackexchange.com/questions/396583
58,https://ux.stackexchange.com/questions/112176
59,https://vi.stackexchange.com/questions/13688
60,https://workplace.stackexchange.com/questions/99675
61,https://worldbuilding.stackexchange.com/questions/94218
62,https://writers.stackexchange.com/questions/30437
,url
0,https://academia.stackexchange.com/questions/97022
1,https://academia.stackexchange.com/questions/97021
2,https://academia.stackexchange.com/questions/97020
3,https://academia.stackexchange.com/questions/97019
4,https://academia.stackexchange.com/questions/97018
5,https://academia.stackexchange.com/questions/97017
6,https://academia.stackexchange.com/questions/97016
7,https://academia.stackexchange.com/questions/97015
8,https://academia.stackexchange.com/questions/97014
9,https://academia.stackexchange.com/questions/97013
10,https://academia.stackexchange.com/questions/97012
11,https://academia.stackexchange.com/questions/97011
12,https://academia.stackexchange.com/questions/97010
13,https://academia.stackexchange.com/questions/97009
14,https://askubuntu.stackexchange.com/questions/962826
15,https://askubuntu.stackexchange.com/questions/962825
16,https://askubuntu.stackexchange.com/questions/962824
17,https://askubuntu.stackexchange.com/questions/962823
18,https://askubuntu.stackexchange.com/questions/962822
19,https://askubuntu.stackexchange.com/questions/962821
20,https://askubuntu.stackexchange.com/questions/962820
21,https://askubuntu.stackexchange.com/questions/962819
22,https://askubuntu.stackexchange.com/questions/962818
23,https://askubuntu.stackexchange.com/questions/962817
24,https://askubuntu.stackexchange.com/questions/962816
25,https://askubuntu.stackexchange.com/questions/962815
26,https://askubuntu.stackexchange.com/questions/962814
27,https://askubuntu.stackexchange.com/questions/962813
28,https://astronomy.stackexchange.com/questions/23025
29,https://astronomy.stackexchange.com/questions/23024
30,https://astronomy.stackexchange.com/questions/23023
31,https://astronomy.stackexchange.com/questions/23022
32,https://astronomy.stackexchange.com/questions/23021
33,https://astronomy.stackexchange.com/questions/23020
34,https://astronomy.stackexchange.com/questions/23019
35,https://astronomy.stackexchange.com/questions/23018
36,https://astronomy.stackexchange.com/questions/23017
37,https://astronomy.stackexchange.com/questions/23016
38,https://astronomy.stackexchange.com/questions/23015
39,https://astronomy.stackexchange.com/questions/23014
40,https://astronomy.stackexchange.com/questions/23013
41,https://astronomy.stackexchange.com/questions/23012
42,https://aviation.stackexchange.com/questions/44441
43,https://aviation.stackexchange.com/questions/44440
44,https://aviation.stackexchange.com/questions/44439
45,https://aviation.stackexchange.com/questions/44438
46,https://aviation.stackexchange.com/questions/44437
47,https://aviation.stackexchange.com/questions/44436
48,https://aviation.stackexchange.com/questions/44435
49,https://aviation.stackexchange.com/questions/44434
50,https://aviation.stackexchange.com/questions/44433
51,https://aviation.stackexchange.com/questions/44432
52,https://aviation.stackexchange.com/questions/44431
53,https://aviation.stackexchange.com/questions/44430
54,https://aviation.stackexchange.com/questions/44429
55,https://aviation.stackexchange.com/questions/44428
56,https://blender.stackexchange.com/questions/91825
57,https://blender.stackexchange.com/questions/91824
58,https://blender.stackexchange.com/questions/91823
59,https://blender.stackexchange.com/questions/91822
60,https://blender.stackexchange.com/questions/91821
61,https://blender.stackexchange.com/questions/91820
62,https://blender.stackexchange.com/questions/91819
63,https://blender.stackexchange.com/questions/91818
64,https://blender.stackexchange.com/questions/91817
65,https://blender.stackexchange.com/questions/91816
66,https://blender.stackexchange.com/questions/91815
67,https://blender.stackexchange.com/questions/91814
68,https://blender.stackexchange.com/questions/91813
69,https://blender.stackexchange.com/questions/91812
70,https://boardgames.stackexchange.com/questions/38509
71,https://boardgames.stackexchange.com/questions/38508
72,https://boardgames.stackexchange.com/questions/38507
73,https://boardgames.stackexchange.com/questions/38506
74,https://boardgames.stackexchange.com/questions/38505
75,https://boardgames.stackexchange.com/questions/38504
76,https://boardgames.stackexchange.com/questions/38503
77,https://boardgames.stackexchange.com/questions/38502
78,https://boardgames.stackexchange.com/questions/38501
79,https://boardgames.stackexchange.com/questions/38500
80,https://boardgames.stackexchange.com/questions/38499
81,https://boardgames.stackexchange.com/questions/38498
82,https://boardgames.stackexchange.com/questions/38497
83,https://boardgames.stackexchange.com/questions/38496
84,https://chemistry.stackexchange.com/questions/83162
85,https://chemistry.stackexchange.com/questions/83161
86,https://chemistry.stackexchange.com/questions/83160
87,https://chemistry.stackexchange.com/questions/83159
88,https://chemistry.stackexchange.com/questions/83158
89,https://chemistry.stackexchange.com/questions/83157
90,https://chemistry.stackexchange.com/questions/83156
91,https://chemistry.stackexchange.com/questions/83155
92,https://chemistry.stackexchange.com/questions/83154
93,https://chemistry.stackexchange.com/questions/83153
94,https://chemistry.stackexchange.com/questions/83152
95,https://chemistry.stackexchange.com/questions/83151
96,https://chemistry.stackexchange.com/questions/83150
97,https://chemistry.stackexchange.com/questions/83149
98,https://chess.stackexchange.com/questions/18705
99,https://chess.stackexchange.com/questions/18704
100,https://chess.stackexchange.com/questions/18703
101,https://chess.stackexchange.com/questions/18702
102,https://chess.stackexchange.com/questions/18701
103,https://chess.stackexchange.com/questions/18700
104,https://chess.stackexchange.com/questions/18699
105,https://chess.stackexchange.com/questions/18698
106,https://chess.stackexchange.com/questions/18697
107,https://chess.stackexchange.com/questions/18696
108,https://chess.stackexchange.com/questions/18695
109,https://chess.stackexchange.com/questions/18694
110,https://chess.stackexchange.com/questions/18693
111,https://chess.stackexchange.com/questions/18692
112,https://chinese.stackexchange.com/questions/26625
113,https://chinese.stackexchange.com/questions/26624
114,https://chinese.stackexchange.com/questions/26623
115,https://chinese.stackexchange.com/questions/26622
116,https://chinese.stackexchange.com/questions/26621
117,https://chinese.stackexchange.com/questions/26620
118,https://chinese.stackexchange.com/questions/26619
119,https://chinese.stackexchange.com/questions/26618
120,https://chinese.stackexchange.com/questions/26617
121,https://chinese.stackexchange.com/questions/26616
122,https://chinese.stackexchange.com/questions/26615
123,https://chinese.stackexchange.com/questions/26614
124,https://chinese.stackexchange.com/questions/26613
125,https://chinese.stackexchange.com/questions/26612
126,https://codegolf.stackexchange.com/questions/144599
127,https://codegolf.stackexchange.com/questions/144598
128,https://codegolf.stackexchange.com/questions/144597
129,https://codegolf.stackexchange.com/questions/144596
130,https://codegolf.stackexchange.com/questions/144595
131,https://codegolf.stackexchange.com/questions/144594
132,https://codegolf.stackexchange.com/questions/144593
133,https://codegolf.stackexchange.com/questions/144592
134,https://codegolf.stackexchange.com/questions/144591
135,https://codegolf.stackexchange.com/questions/144590
136,https://codegolf.stackexchange.com/questions/144589
137,https://codegolf.stackexchange.com/questions/144588
138,https://codegolf.stackexchange.com/questions/144587
139,https://codegolf.stackexchange.com/questions/144586
140,https://codereview.stackexchange.com/questions/177392
141,https://codereview.stackexchange.com/questions/177391
142,https://codereview.stackexchange.com/questions/177390
143,https://codereview.stackexchange.com/questions/177389
144,https://codereview.stackexchange.com/questions/177388
145,https://codereview.stackexchange.com/questions/177387
146,https://codereview.stackexchange.com/questions/177386
147,https://codereview.stackexchange.com/questions/177385
148,https://codereview.stackexchange.com/questions/177384
149,https://codereview.stackexchange.com/questions/177383
150,https://codereview.stackexchange.com/questions/177382
151,https://codereview.stackexchange.com/questions/177381
152,https://codereview.stackexchange.com/questions/177380
153,https://codereview.stackexchange.com/questions/177379
154,https://cooking.stackexchange.com/questions/84663
155,https://cooking.stackexchange.com/questions/84662
156,https://cooking.stackexchange.com/questions/84661
157,https://cooking.stackexchange.com/questions/84660
158,https://cooking.stackexchange.com/questions/84659
159,https://cooking.stackexchange.com/questions/84658
160,https://cooking.stackexchange.com/questions/84657
161,https://cooking.stackexchange.com/questions/84656
162,https://cooking.stackexchange.com/questions/84655
163,https://cooking.stackexchange.com/questions/84654
164,https://cooking.stackexchange.com/questions/84653
165,https://cooking.stackexchange.com/questions/84652
166,https://cooking.stackexchange.com/questions/84651
167,https://cooking.stackexchange.com/questions/84650
168,https://crypto.stackexchange.com/questions/51783
169,https://crypto.stackexchange.com/questions/51782
170,https://crypto.stackexchange.com/questions/51781
171,https://crypto.stackexchange.com/questions/51780
172,https://crypto.stackexchange.com/questions/51779
173,https://crypto.stackexchange.com/questions/51778
174,https://crypto.stackexchange.com/questions/51777
175,https://crypto.stackexchange.com/questions/51776
176,https://crypto.stackexchange.com/questions/51775
177,https://crypto.stackexchange.com/questions/51774
178,https://crypto.stackexchange.com/questions/51773
179,https://crypto.stackexchange.com/questions/51772
180,https://crypto.stackexchange.com/questions/51771
181,https://crypto.stackexchange.com/questions/51770
182,https://dba.stackexchange.com/questions/187015
183,https://dba.stackexchange.com/questions/187014
184,https://dba.stackexchange.com/questions/187013
185,https://dba.stackexchange.com/questions/187012
186,https://dba.stackexchange.com/questions/187011
187,https://dba.stackexchange.com/questions/187010
188,https://dba.stackexchange.com/questions/187009
189,https://dba.stackexchange.com/questions/187008
190,https://dba.stackexchange.com/questions/187007
191,https://dba.stackexchange.com/questions/187006
192,https://dba.stackexchange.com/questions/187005
193,https://dba.stackexchange.com/questions/187004
194,https://dba.stackexchange.com/questions/187003
195,https://dba.stackexchange.com/questions/187002
196,https://diy.stackexchange.com/questions/123998
197,https://diy.stackexchange.com/questions/123997
198,https://diy.stackexchange.com/questions/123996
199,https://diy.stackexchange.com/questions/123995
200,https://diy.stackexchange.com/questions/123994
201,https://diy.stackexchange.com/questions/123993
202,https://diy.stackexchange.com/questions/123992
203,https://diy.stackexchange.com/questions/123991
204,https://diy.stackexchange.com/questions/123990
205,https://diy.stackexchange.com/questions/123989
206,https://diy.stackexchange.com/questions/123988
207,https://diy.stackexchange.com/questions/123987
208,https://diy.stackexchange.com/questions/123986
209,https://diy.stackexchange.com/questions/123985
210,https://dsp.stackexchange.com/questions/43849
211,https://dsp.stackexchange.com/questions/43848
212,https://dsp.stackexchange.com/questions/43847
213,https://dsp.stackexchange.com/questions/43846
214,https://dsp.stackexchange.com/questions/43845
215,https://dsp.stackexchange.com/questions/43844
216,https://dsp.stackexchange.com/questions/43843
217,https://dsp.stackexchange.com/questions/43842
218,https://dsp.stackexchange.com/questions/43841
219,https://dsp.stackexchange.com/questions/43840
220,https://dsp.stackexchange.com/questions/43839
221,https://dsp.stackexchange.com/questions/43838
222,https://dsp.stackexchange.com/questions/43837
223,https://dsp.stackexchange.com/questions/43836
224,https://electronics.stackexchange.com/questions/333206
225,https://electronics.stackexchange.com/questions/333205
226,https://electronics.stackexchange.com/questions/333204
227,https://electronics.stackexchange.com/questions/333203
228,https://electronics.stackexchange.com/questions/333202
229,https://electronics.stackexchange.com/questions/333201
230,https://electronics.stackexchange.com/questions/333200
231,https://electronics.stackexchange.com/questions/333199
232,https://electronics.stackexchange.com/questions/333198
233,https://electronics.stackexchange.com/questions/333197
234,https://electronics.stackexchange.com/questions/333196
235,https://electronics.stackexchange.com/questions/333195
236,https://electronics.stackexchange.com/questions/333194
237,https://electronics.stackexchange.com/questions/333193
238,https://ell.stackexchange.com/questions/142677
239,https://ell.stackexchange.com/questions/142676
240,https://ell.stackexchange.com/questions/142675
241,https://ell.stackexchange.com/questions/142674
242,https://ell.stackexchange.com/questions/142673
243,https://ell.stackexchange.com/questions/142672
244,https://ell.stackexchange.com/questions/142671
245,https://ell.stackexchange.com/questions/142670
246,https://ell.stackexchange.com/questions/142669
247,https://ell.stackexchange.com/questions/142668
248,https://ell.stackexchange.com/questions/142667
249,https://ell.stackexchange.com/questions/142666
250,https://ell.stackexchange.com/questions/142665
251,https://ell.stackexchange.com/questions/142664
252,https://engineering.stackexchange.com/questions/17295
253,https://engineering.stackexchange.com/questions/17294
254,https://engineering.stackexchange.com/questions/17293
255,https://engineering.stackexchange.com/questions/17292
256,https://engineering.stackexchange.com/questions/17291
257,https://engineering.stackexchange.com/questions/17290
258,https://engineering.stackexchange.com/questions/17289
259,https://engineering.stackexchange.com/questions/17288
260,https://engineering.stackexchange.com/questions/17287
261,https://engineering.stackexchange.com/questions/17286
262,https://engineering.stackexchange.com/questions/17285
263,https://engineering.stackexchange.com/questions/17284
264,https://engineering.stackexchange.com/questions/17283
265,https://engineering.stackexchange.com/questions/17282
266,https://english.stackexchange.com/questions/412918
267,https://english.stackexchange.com/questions/412917
268,https://english.stackexchange.com/questions/412916
269,https://english.stackexchange.com/questions/412915
270,https://english.stackexchange.com/questions/412914
271,https://english.stackexchange.com/questions/412913
272,https://english.stackexchange.com/questions/412912
273,https://english.stackexchange.com/questions/412911
274,https://english.stackexchange.com/questions/412910
275,https://english.stackexchange.com/questions/412909
276,https://english.stackexchange.com/questions/412908
277,https://english.stackexchange.com/questions/412907
278,https://english.stackexchange.com/questions/412906
279,https://english.stackexchange.com/questions/412905
280,https://ethereum.stackexchange.com/questions/27050
281,https://ethereum.stackexchange.com/questions/27049
282,https://ethereum.stackexchange.com/questions/27048
283,https://ethereum.stackexchange.com/questions/27047
284,https://ethereum.stackexchange.com/questions/27046
285,https://ethereum.stackexchange.com/questions/27045
286,https://ethereum.stackexchange.com/questions/27044
287,https://ethereum.stackexchange.com/questions/27043
288,https://ethereum.stackexchange.com/questions/27042
289,https://ethereum.stackexchange.com/questions/27041
290,https://ethereum.stackexchange.com/questions/27040
291,https://ethereum.stackexchange.com/questions/27039
292,https://ethereum.stackexchange.com/questions/27038
293,https://ethereum.stackexchange.com/questions/27037
294,https://gamedev.stackexchange.com/questions/149029
295,https://gamedev.stackexchange.com/questions/149028
296,https://gamedev.stackexchange.com/questions/149027
297,https://gamedev.stackexchange.com/questions/149026
298,https://gamedev.stackexchange.com/questions/149025
299,https://gamedev.stackexchange.com/questions/149024
300,https://gamedev.stackexchange.com/questions/149023
301,https://gamedev.stackexchange.com/questions/149022
302,https://gamedev.stackexchange.com/questions/149021
303,https://gamedev.stackexchange.com/questions/149020
304,https://gamedev.stackexchange.com/questions/149019
305,https://gamedev.stackexchange.com/questions/149018
306,https://gamedev.stackexchange.com/questions/149017
307,https://gamedev.stackexchange.com/questions/149016
308,https://gaming.stackexchange.com/questions/319283
309,https://gaming.stackexchange.com/questions/319282
310,https://gaming.stackexchange.com/questions/319281
311,https://gaming.stackexchange.com/questions/319280
312,https://gaming.stackexchange.com/questions/319279
313,https://gaming.stackexchange.com/questions/319278
314,https://gaming.stackexchange.com/questions/319277
315,https://gaming.stackexchange.com/questions/319276
316,https://gaming.stackexchange.com/questions/319275
317,https://gaming.stackexchange.com/questions/319274
318,https://gaming.stackexchange.com/questions/319273
319,https://gaming.stackexchange.com/questions/319272
320,https://gaming.stackexchange.com/questions/319271
321,https://gaming.stackexchange.com/questions/319270
322,https://german.stackexchange.com/questions/39232
323,https://german.stackexchange.com/questions/39231
324,https://german.stackexchange.com/questions/39230
325,https://german.stackexchange.com/questions/39229
326,https://german.stackexchange.com/questions/39228
327,https://german.stackexchange.com/questions/39227
328,https://german.stackexchange.com/questions/39226
329,https://german.stackexchange.com/questions/39225
330,https://german.stackexchange.com/questions/39224
331,https://german.stackexchange.com/questions/39223
332,https://german.stackexchange.com/questions/39222
333,https://german.stackexchange.com/questions/39221
334,https://german.stackexchange.com/questions/39220
335,https://german.stackexchange.com/questions/39219
336,https://graphicdesign.stackexchange.com/questions/98874
337,https://graphicdesign.stackexchange.com/questions/98873
338,https://graphicdesign.stackexchange.com/questions/98872
339,https://graphicdesign.stackexchange.com/questions/98871
340,https://graphicdesign.stackexchange.com/questions/98870
341,https://graphicdesign.stackexchange.com/questions/98869
342,https://graphicdesign.stackexchange.com/questions/98868
343,https://graphicdesign.stackexchange.com/questions/98867
344,https://graphicdesign.stackexchange.com/questions/98866
345,https://graphicdesign.stackexchange.com/questions/98865
346,https://graphicdesign.stackexchange.com/questions/98864
347,https://graphicdesign.stackexchange.com/questions/98863
348,https://graphicdesign.stackexchange.com/questions/98862
349,https://graphicdesign.stackexchange.com/questions/98861
350,https://health.stackexchange.com/questions/13711
351,https://health.stackexchange.com/questions/13710
352,https://health.stackexchange.com/questions/13709
353,https://health.stackexchange.com/questions/13708
354,https://health.stackexchange.com/questions/13707
355,https://health.stackexchange.com/questions/13706
356,https://health.stackexchange.com/questions/13705
357,https://health.stackexchange.com/questions/13704
358,https://health.stackexchange.com/questions/13703
359,https://health.stackexchange.com/questions/13702
360,https://health.stackexchange.com/questions/13701
361,https://health.stackexchange.com/questions/13700
362,https://health.stackexchange.com/questions/13699
363,https://health.stackexchange.com/questions/13698
364,https://hinduism.stackexchange.com/questions/21378
365,https://hinduism.stackexchange.com/questions/21377
366,https://hinduism.stackexchange.com/questions/21376
367,https://hinduism.stackexchange.com/questions/21375
368,https://hinduism.stackexchange.com/questions/21374
369,https://hinduism.stackexchange.com/questions/21373
370,https://hinduism.stackexchange.com/questions/21372
371,https://hinduism.stackexchange.com/questions/21371
372,https://hinduism.stackexchange.com/questions/21370
373,https://hinduism.stackexchange.com/questions/21369
374,https://hinduism.stackexchange.com/questions/21368
375,https://hinduism.stackexchange.com/questions/21367
376,https://hinduism.stackexchange.com/questions/21366
377,https://hinduism.stackexchange.com/questions/21365
378,https://history.stackexchange.com/questions/40815
379,https://history.stackexchange.com/questions/40814
380,https://history.stackexchange.com/questions/40813
381,https://history.stackexchange.com/questions/40812
382,https://history.stackexchange.com/questions/40811
383,https://history.stackexchange.com/questions/40810
384,https://history.stackexchange.com/questions/40809
385,https://history.stackexchange.com/questions/40808
386,https://history.stackexchange.com/questions/40807
387,https://history.stackexchange.com/questions/40806
388,https://history.stackexchange.com/questions/40805
389,https://history.stackexchange.com/questions/40804
390,https://history.stackexchange.com/questions/40803
391,https://history.stackexchange.com/questions/40802
392,https://interpersonal.stackexchange.com/questions/5063
393,https://interpersonal.stackexchange.com/questions/5062
394,https://interpersonal.stackexchange.com/questions/5061
395,https://interpersonal.stackexchange.com/questions/5060
396,https://interpersonal.stackexchange.com/questions/5059
397,https://interpersonal.stackexchange.com/questions/5058
398,https://interpersonal.stackexchange.com/questions/5057
399,https://interpersonal.stackexchange.com/questions/5056
400,https://interpersonal.stackexchange.com/questions/5055
401,https://interpersonal.stackexchange.com/questions/5054
402,https://interpersonal.stackexchange.com/questions/5053
403,https://interpersonal.stackexchange.com/questions/5052
404,https://interpersonal.stackexchange.com/questions/5051
405,https://interpersonal.stackexchange.com/questions/5050
406,https://japanese.stackexchange.com/questions/53367
407,https://japanese.stackexchange.com/questions/53366
408,https://japanese.stackexchange.com/questions/53365
409,https://japanese.stackexchange.com/questions/53364
410,https://japanese.stackexchange.com/questions/53363
411,https://japanese.stackexchange.com/questions/53362
412,https://japanese.stackexchange.com/questions/53361
413,https://japanese.stackexchange.com/questions/53360
414,https://japanese.stackexchange.com/questions/53359
415,https://japanese.stackexchange.com/questions/53358
416,https://japanese.stackexchange.com/questions/53357
417,https://japanese.stackexchange.com/questions/53356
418,https://japanese.stackexchange.com/questions/53355
419,https://japanese.stackexchange.com/questions/53354
420,https://judaism.stackexchange.com/questions/85819
421,https://judaism.stackexchange.com/questions/85818
422,https://judaism.stackexchange.com/questions/85817
423,https://judaism.stackexchange.com/questions/85816
424,https://judaism.stackexchange.com/questions/85815
425,https://judaism.stackexchange.com/questions/85814
426,https://judaism.stackexchange.com/questions/85813
427,https://judaism.stackexchange.com/questions/85812
428,https://judaism.stackexchange.com/questions/85811
429,https://judaism.stackexchange.com/questions/85810
430,https://judaism.stackexchange.com/questions/85809
431,https://judaism.stackexchange.com/questions/85808
432,https://judaism.stackexchange.com/questions/85807
433,https://judaism.stackexchange.com/questions/85806
434,https://law.stackexchange.com/questions/22726
435,https://law.stackexchange.com/questions/22725
436,https://law.stackexchange.com/questions/22724
437,https://law.stackexchange.com/questions/22723
438,https://law.stackexchange.com/questions/22722
439,https://law.stackexchange.com/questions/22721
440,https://law.stackexchange.com/questions/22720
441,https://law.stackexchange.com/questions/22719
442,https://law.stackexchange.com/questions/22718
443,https://law.stackexchange.com/questions/22717
444,https://law.stackexchange.com/questions/22716
445,https://law.stackexchange.com/questions/22715
446,https://law.stackexchange.com/questions/22714
447,https://law.stackexchange.com/questions/22713
448,https://lifehacks.stackexchange.com/questions/17465
449,https://lifehacks.stackexchange.com/questions/17464
450,https://lifehacks.stackexchange.com/questions/17463
451,https://lifehacks.stackexchange.com/questions/17462
452,https://lifehacks.stackexchange.com/questions/17461
453,https://lifehacks.stackexchange.com/questions/17460
454,https://lifehacks.stackexchange.com/questions/17459
455,https://lifehacks.stackexchange.com/questions/17458
456,https://lifehacks.stackexchange.com/questions/17457
457,https://lifehacks.stackexchange.com/questions/17456
458,https://lifehacks.stackexchange.com/questions/17455
459,https://lifehacks.stackexchange.com/questions/17454
460,https://lifehacks.stackexchange.com/questions/17453
461,https://lifehacks.stackexchange.com/questions/17452
462,https://math.stackexchange.com/questions/2461856
463,https://math.stackexchange.com/questions/2461855
464,https://math.stackexchange.com/questions/2461854
465,https://math.stackexchange.com/questions/2461853
466,https://math.stackexchange.com/questions/2461852
467,https://math.stackexchange.com/questions/2461851
468,https://math.stackexchange.com/questions/2461850
469,https://math.stackexchange.com/questions/2461849
470,https://math.stackexchange.com/questions/2461848
471,https://math.stackexchange.com/questions/2461847
472,https://math.stackexchange.com/questions/2461846
473,https://math.stackexchange.com/questions/2461845
474,https://math.stackexchange.com/questions/2461844
475,https://math.stackexchange.com/questions/2461843
476,https://mathematica.stackexchange.com/questions/157288
477,https://mathematica.stackexchange.com/questions/157287
478,https://mathematica.stackexchange.com/questions/157286
479,https://mathematica.stackexchange.com/questions/157285
480,https://mathematica.stackexchange.com/questions/157284
481,https://mathematica.stackexchange.com/questions/157283
482,https://mathematica.stackexchange.com/questions/157282
483,https://mathematica.stackexchange.com/questions/157281
484,https://mathematica.stackexchange.com/questions/157280
485,https://mathematica.stackexchange.com/questions/157279
486,https://mathematica.stackexchange.com/questions/157278
487,https://mathematica.stackexchange.com/questions/157277
488,https://mathematica.stackexchange.com/questions/157276
489,https://mathematica.stackexchange.com/questions/157275
490,https://mathoverflow.stackexchange.com/questions/282740
491,https://mathoverflow.stackexchange.com/questions/282739
492,https://mathoverflow.stackexchange.com/questions/282738
493,https://mathoverflow.stackexchange.com/questions/282737
494,https://mathoverflow.stackexchange.com/questions/282736
495,https://mathoverflow.stackexchange.com/questions/282735
496,https://mathoverflow.stackexchange.com/questions/282734
497,https://mathoverflow.stackexchange.com/questions/282733
498,https://mathoverflow.stackexchange.com/questions/282732
499,https://mathoverflow.stackexchange.com/questions/282731
500,https://mathoverflow.stackexchange.com/questions/282730
501,https://mathoverflow.stackexchange.com/questions/282729
502,https://mathoverflow.stackexchange.com/questions/282728
503,https://mathoverflow.stackexchange.com/questions/282727
504,https://money.stackexchange.com/questions/85532
505,https://money.stackexchange.com/questions/85531
506,https://money.stackexchange.com/questions/85530
507,https://money.stackexchange.com/questions/85529
508,https://money.stackexchange.com/questions/85528
509,https://money.stackexchange.com/questions/85527
510,https://money.stackexchange.com/questions/85526
511,https://money.stackexchange.com/questions/85525
512,https://money.stackexchange.com/questions/85524
513,https://money.stackexchange.com/questions/85523
514,https://money.stackexchange.com/questions/85522
515,https://money.stackexchange.com/questions/85521
516,https://money.stackexchange.com/questions/85520
517,https://money.stackexchange.com/questions/85519
518,https://movies.stackexchange.com/questions/81065
519,https://movies.stackexchange.com/questions/81064
520,https://movies.stackexchange.com/questions/81063
521,https://movies.stackexchange.com/questions/81062
522,https://movies.stackexchange.com/questions/81061
523,https://movies.stackexchange.com/questions/81060
524,https://movies.stackexchange.com/questions/81059
525,https://movies.stackexchange.com/questions/81058
526,https://movies.stackexchange.com/questions/81057
527,https://movies.stackexchange.com/questions/81056
528,https://movies.stackexchange.com/questions/81055
529,https://movies.stackexchange.com/questions/81054
530,https://movies.stackexchange.com/questions/81053
531,https://movies.stackexchange.com/questions/81052
532,https://music.stackexchange.com/questions/62203
533,https://music.stackexchange.com/questions/62202
534,https://music.stackexchange.com/questions/62201
535,https://music.stackexchange.com/questions/62200
536,https://music.stackexchange.com/questions/62199
537,https://music.stackexchange.com/questions/62198
538,https://music.stackexchange.com/questions/62197
539,https://music.stackexchange.com/questions/62196
540,https://music.stackexchange.com/questions/62195
541,https://music.stackexchange.com/questions/62194
542,https://music.stackexchange.com/questions/62193
543,https://music.stackexchange.com/questions/62192
544,https://music.stackexchange.com/questions/62191
545,https://music.stackexchange.com/questions/62190
546,https://outdoors.stackexchange.com/questions/17216
547,https://outdoors.stackexchange.com/questions/17215
548,https://outdoors.stackexchange.com/questions/17214
549,https://outdoors.stackexchange.com/questions/17213
550,https://outdoors.stackexchange.com/questions/17212
551,https://outdoors.stackexchange.com/questions/17211
552,https://outdoors.stackexchange.com/questions/17210
553,https://outdoors.stackexchange.com/questions/17209
554,https://outdoors.stackexchange.com/questions/17208
555,https://outdoors.stackexchange.com/questions/17207
556,https://outdoors.stackexchange.com/questions/17206
557,https://outdoors.stackexchange.com/questions/17205
558,https://outdoors.stackexchange.com/questions/17204
559,https://outdoors.stackexchange.com/questions/17203
560,https://parenting.stackexchange.com/questions/31855
561,https://parenting.stackexchange.com/questions/31854
562,https://parenting.stackexchange.com/questions/31853
563,https://parenting.stackexchange.com/questions/31852
564,https://parenting.stackexchange.com/questions/31851
565,https://parenting.stackexchange.com/questions/31850
566,https://parenting.stackexchange.com/questions/31849
567,https://parenting.stackexchange.com/questions/31848
568,https://parenting.stackexchange.com/questions/31847
569,https://parenting.stackexchange.com/questions/31846
570,https://parenting.stackexchange.com/questions/31845
571,https://parenting.stackexchange.com/questions/31844
572,https://parenting.stackexchange.com/questions/31843
573,https://parenting.stackexchange.com/questions/31842
574,https://photo.stackexchange.com/questions/93212
575,https://photo.stackexchange.com/questions/93211
576,https://photo.stackexchange.com/questions/93210
577,https://photo.stackexchange.com/questions/93209
578,https://photo.stackexchange.com/questions/93208
579,https://photo.stackexchange.com/questions/93207
580,https://photo.stackexchange.com/questions/93206
581,https://photo.stackexchange.com/questions/93205
582,https://photo.stackexchange.com/questions/93204
583,https://photo.stackexchange.com/questions/93203
584,https://photo.stackexchange.com/questions/93202
585,https://photo.stackexchange.com/questions/93201
586,https://photo.stackexchange.com/questions/93200
587,https://photo.stackexchange.com/questions/93199
588,https://physics.stackexchange.com/questions/361534
589,https://physics.stackexchange.com/questions/361533
590,https://physics.stackexchange.com/questions/361532
591,https://physics.stackexchange.com/questions/361531
592,https://physics.stackexchange.com/questions/361530
593,https://physics.stackexchange.com/questions/361529
594,https://physics.stackexchange.com/questions/361528
595,https://physics.stackexchange.com/questions/361527
596,https://physics.stackexchange.com/questions/361526
597,https://physics.stackexchange.com/questions/361525
598,https://physics.stackexchange.com/questions/361524
599,https://physics.stackexchange.com/questions/361523
600,https://physics.stackexchange.com/questions/361522
601,https://physics.stackexchange.com/questions/361521
602,https://politics.stackexchange.com/questions/25141
603,https://politics.stackexchange.com/questions/25140
604,https://politics.stackexchange.com/questions/25139
605,https://politics.stackexchange.com/questions/25138
606,https://politics.stackexchange.com/questions/25137
607,https://politics.stackexchange.com/questions/25136
608,https://politics.stackexchange.com/questions/25135
609,https://politics.stackexchange.com/questions/25134
610,https://politics.stackexchange.com/questions/25133
611,https://politics.stackexchange.com/questions/25132
612,https://politics.stackexchange.com/questions/25131
613,https://politics.stackexchange.com/questions/25130
614,https://politics.stackexchange.com/questions/25129
615,https://politics.stackexchange.com/questions/25128
616,https://puzzling.stackexchange.com/questions/55416
617,https://puzzling.stackexchange.com/questions/55415
618,https://puzzling.stackexchange.com/questions/55414
619,https://puzzling.stackexchange.com/questions/55413
620,https://puzzling.stackexchange.com/questions/55412
621,https://puzzling.stackexchange.com/questions/55411
622,https://puzzling.stackexchange.com/questions/55410
623,https://puzzling.stackexchange.com/questions/55409
624,https://puzzling.stackexchange.com/questions/55408
625,https://puzzling.stackexchange.com/questions/55407
626,https://puzzling.stackexchange.com/questions/55406
627,https://puzzling.stackexchange.com/questions/55405
628,https://puzzling.stackexchange.com/questions/55404
629,https://puzzling.stackexchange.com/questions/55403
630,https://rpg.stackexchange.com/questions/107972
631,https://rpg.stackexchange.com/questions/107971
632,https://rpg.stackexchange.com/questions/107970
633,https://rpg.stackexchange.com/questions/107969
634,https://rpg.stackexchange.com/questions/107968
635,https://rpg.stackexchange.com/questions/107967
636,https://rpg.stackexchange.com/questions/107966
637,https://rpg.stackexchange.com/questions/107964
638,https://rpg.stackexchange.com/questions/107963
639,https://rpg.stackexchange.com/questions/107962
640,https://rpg.stackexchange.com/questions/107961
641,https://rpg.stackexchange.com/questions/107960
642,https://rpg.stackexchange.com/questions/107959
643,https://russian.stackexchange.com/questions/15066
644,https://russian.stackexchange.com/questions/15065
645,https://russian.stackexchange.com/questions/15064
646,https://russian.stackexchange.com/questions/15063
647,https://russian.stackexchange.com/questions/15062
648,https://russian.stackexchange.com/questions/15061
649,https://russian.stackexchange.com/questions/15060
650,https://russian.stackexchange.com/questions/15059
651,https://russian.stackexchange.com/questions/15058
652,https://russian.stackexchange.com/questions/15057
653,https://russian.stackexchange.com/questions/15056
654,https://russian.stackexchange.com/questions/15055
655,https://russian.stackexchange.com/questions/15054
656,https://russian.stackexchange.com/questions/15053
657,https://salesforce.stackexchange.com/questions/193001
658,https://salesforce.stackexchange.com/questions/193000
659,https://salesforce.stackexchange.com/questions/192999
660,https://salesforce.stackexchange.com/questions/192998
661,https://salesforce.stackexchange.com/questions/192997
662,https://salesforce.stackexchange.com/questions/192996
663,https://salesforce.stackexchange.com/questions/192995
664,https://salesforce.stackexchange.com/questions/192994
665,https://salesforce.stackexchange.com/questions/192993
666,https://salesforce.stackexchange.com/questions/192992
667,https://salesforce.stackexchange.com/questions/192991
668,https://salesforce.stackexchange.com/questions/192990
669,https://salesforce.stackexchange.com/questions/192989
670,https://salesforce.stackexchange.com/questions/192988
671,https://scifi.stackexchange.com/questions/171279
672,https://scifi.stackexchange.com/questions/171278
673,https://scifi.stackexchange.com/questions/171277
674,https://scifi.stackexchange.com/questions/171276
675,https://scifi.stackexchange.com/questions/171275
676,https://scifi.stackexchange.com/questions/171274
677,https://scifi.stackexchange.com/questions/171273
678,https://scifi.stackexchange.com/questions/171272
679,https://scifi.stackexchange.com/questions/171271
680,https://scifi.stackexchange.com/questions/171270
681,https://scifi.stackexchange.com/questions/171269
682,https://scifi.stackexchange.com/questions/171268
683,https://scifi.stackexchange.com/questions/171267
684,https://scifi.stackexchange.com/questions/171266
685,https://security.stackexchange.com/questions/170754
686,https://security.stackexchange.com/questions/170753
687,https://security.stackexchange.com/questions/170752
688,https://security.stackexchange.com/questions/170751
689,https://security.stackexchange.com/questions/170750
690,https://security.stackexchange.com/questions/170749
691,https://security.stackexchange.com/questions/170748
692,https://security.stackexchange.com/questions/170747
693,https://security.stackexchange.com/questions/170746
694,https://security.stackexchange.com/questions/170745
695,https://security.stackexchange.com/questions/170744
696,https://security.stackexchange.com/questions/170743
697,https://security.stackexchange.com/questions/170742
698,https://security.stackexchange.com/questions/170741
699,https://skeptics.stackexchange.com/questions/39571
700,https://skeptics.stackexchange.com/questions/39570
701,https://skeptics.stackexchange.com/questions/39569
702,https://skeptics.stackexchange.com/questions/39568
703,https://skeptics.stackexchange.com/questions/39567
704,https://skeptics.stackexchange.com/questions/39566
705,https://skeptics.stackexchange.com/questions/39565
706,https://skeptics.stackexchange.com/questions/39564
707,https://skeptics.stackexchange.com/questions/39563
708,https://skeptics.stackexchange.com/questions/39562
709,https://skeptics.stackexchange.com/questions/39561
710,https://skeptics.stackexchange.com/questions/39560
711,https://skeptics.stackexchange.com/questions/39559
712,https://skeptics.stackexchange.com/questions/39558
713,https://softwareengineering.stackexchange.com/questions/358609
714,https://softwareengineering.stackexchange.com/questions/358608
715,https://softwareengineering.stackexchange.com/questions/358607
716,https://softwareengineering.stackexchange.com/questions/358606
717,https://softwareengineering.stackexchange.com/questions/358605
718,https://softwareengineering.stackexchange.com/questions/358604
719,https://softwareengineering.stackexchange.com/questions/358603
720,https://softwareengineering.stackexchange.com/questions/358602
721,https://softwareengineering.stackexchange.com/questions/358601
722,https://softwareengineering.stackexchange.com/questions/358600
723,https://softwareengineering.stackexchange.com/questions/358599
724,https://softwareengineering.stackexchange.com/questions/358598
725,https://softwareengineering.stackexchange.com/questions/358597
726,https://softwareengineering.stackexchange.com/questions/358596
727,https://stackoverflow.stackexchange.com/questions/46600496
728,https://stackoverflow.stackexchange.com/questions/46600495
729,https://stackoverflow.stackexchange.com/questions/46600494
730,https://stackoverflow.stackexchange.com/questions/46600493
731,https://stackoverflow.stackexchange.com/questions/46600492
732,https://stackoverflow.stackexchange.com/questions/46600491
733,https://stackoverflow.stackexchange.com/questions/46600490
734,https://stackoverflow.stackexchange.com/questions/46600489
735,https://stackoverflow.stackexchange.com/questions/46600488
736,https://stackoverflow.stackexchange.com/questions/46600487
737,https://stackoverflow.stackexchange.com/questions/46600486
738,https://stackoverflow.stackexchange.com/questions/46600485
739,https://stackoverflow.stackexchange.com/questions/46600484
740,https://stackoverflow.stackexchange.com/questions/46600483
741,https://stats.stackexchange.com/questions/306767
742,https://stats.stackexchange.com/questions/306766
743,https://stats.stackexchange.com/questions/306765
744,https://stats.stackexchange.com/questions/306764
745,https://stats.stackexchange.com/questions/306763
746,https://stats.stackexchange.com/questions/306762
747,https://stats.stackexchange.com/questions/306761
748,https://stats.stackexchange.com/questions/306760
749,https://stats.stackexchange.com/questions/306759
750,https://stats.stackexchange.com/questions/306758
751,https://stats.stackexchange.com/questions/306757
752,https://stats.stackexchange.com/questions/306756
753,https://stats.stackexchange.com/questions/306755
754,https://stats.stackexchange.com/questions/306754
755,https://superuser.stackexchange.com/questions/1256770
756,https://superuser.stackexchange.com/questions/1256769
757,https://superuser.stackexchange.com/questions/1256768
758,https://superuser.stackexchange.com/questions/1256767
759,https://superuser.stackexchange.com/questions/1256766
760,https://superuser.stackexchange.com/questions/1256765
761,https://superuser.stackexchange.com/questions/1256764
762,https://superuser.stackexchange.com/questions/1256763
763,https://superuser.stackexchange.com/questions/1256762
764,https://superuser.stackexchange.com/questions/1256761
765,https://superuser.stackexchange.com/questions/1256760
766,https://superuser.stackexchange.com/questions/1256759
767,https://superuser.stackexchange.com/questions/1256758
768,https://superuser.stackexchange.com/questions/1256757
769,https://tex.stackexchange.com/questions/394988
770,https://tex.stackexchange.com/questions/394987
771,https://tex.stackexchange.com/questions/394986
772,https://tex.stackexchange.com/questions/394985
773,https://tex.stackexchange.com/questions/394984
774,https://tex.stackexchange.com/questions/394983
775,https://tex.stackexchange.com/questions/394982
776,https://tex.stackexchange.com/questions/394981
777,https://tex.stackexchange.com/questions/394980
778,https://tex.stackexchange.com/questions/394979
779,https://tex.stackexchange.com/questions/394978
780,https://tex.stackexchange.com/questions/394977
781,https://tex.stackexchange.com/questions/394976
782,https://tex.stackexchange.com/questions/394975
783,https://travel.stackexchange.com/questions/102829
784,https://travel.stackexchange.com/questions/102828
785,https://travel.stackexchange.com/questions/102827
786,https://travel.stackexchange.com/questions/102826
787,https://travel.stackexchange.com/questions/102825
788,https://travel.stackexchange.com/questions/102824
789,https://travel.stackexchange.com/questions/102823
790,https://travel.stackexchange.com/questions/102822
791,https://travel.stackexchange.com/questions/102821
792,https://travel.stackexchange.com/questions/102820
793,https://travel.stackexchange.com/questions/102819
794,https://travel.stackexchange.com/questions/102818
795,https://travel.stackexchange.com/questions/102817
796,https://travel.stackexchange.com/questions/102816
797,https://unix.stackexchange.com/questions/396582
798,https://unix.stackexchange.com/questions/396581
799,https://unix.stackexchange.com/questions/396580
800,https://unix.stackexchange.com/questions/396579
801,https://unix.stackexchange.com/questions/396578
802,https://unix.stackexchange.com/questions/396577
803,https://unix.stackexchange.com/questions/396576
804,https://unix.stackexchange.com/questions/396575
805,https://unix.stackexchange.com/questions/396574
806,https://unix.stackexchange.com/questions/396573
807,https://unix.stackexchange.com/questions/396572
808,https://unix.stackexchange.com/questions/396571
809,https://unix.stackexchange.com/questions/396570
810,https://unix.stackexchange.com/questions/396569
811,https://ux.stackexchange.com/questions/112175
812,https://ux.stackexchange.com/questions/112174
813,https://ux.stackexchange.com/questions/112173
814,https://ux.stackexchange.com/questions/112172
815,https://ux.stackexchange.com/questions/112171
816,https://ux.stackexchange.com/questions/112170
817,https://ux.stackexchange.com/questions/112169
818,https://ux.stackexchange.com/questions/112168
819,https://ux.stackexchange.com/questions/112167
820,https://ux.stackexchange.com/questions/112166
821,https://ux.stackexchange.com/questions/112165
822,https://ux.stackexchange.com/questions/112164
823,https://ux.stackexchange.com/questions/112163
824,https://ux.stackexchange.com/questions/112162
825,https://vi.stackexchange.com/questions/13687
826,https://vi.stackexchange.com/questions/13686
827,https://vi.stackexchange.com/questions/13685
828,https://vi.stackexchange.com/questions/13684
829,https://vi.stackexchange.com/questions/13683
830,https://vi.stackexchange.com/questions/13682
831,https://vi.stackexchange.com/questions/13681
832,https://vi.stackexchange.com/questions/13680
833,https://vi.stackexchange.com/questions/13679
834,https://vi.stackexchange.com/questions/13678
835,https://vi.stackexchange.com/questions/13677
836,https://vi.stackexchange.com/questions/13676
837,https://vi.stackexchange.com/questions/13675
838,https://vi.stackexchange.com/questions/13674
839,https://workplace.stackexchange.com/questions/99674
840,https://workplace.stackexchange.com/questions/99673
841,https://workplace.stackexchange.com/questions/99672
842,https://workplace.stackexchange.com/questions/99671
843,https://workplace.stackexchange.com/questions/99670
844,https://workplace.stackexchange.com/questions/99669
845,https://workplace.stackexchange.com/questions/99668
846,https://workplace.stackexchange.com/questions/99667
847,https://workplace.stackexchange.com/questions/99666
848,https://workplace.stackexchange.com/questions/99665
849,https://workplace.stackexchange.com/questions/99664
850,https://workplace.stackexchange.com/questions/99663
851,https://workplace.stackexchange.com/questions/99662
852,https://workplace.stackexchange.com/questions/99661
853,https://worldbuilding.stackexchange.com/questions/94217
854,https://worldbuilding.stackexchange.com/questions/94216
855,https://worldbuilding.stackexchange.com/questions/94215
856,https://worldbuilding.stackexchange.com/questions/94214
857,https://worldbuilding.stackexchange.com/questions/94213
858,https://worldbuilding.stackexchange.com/questions/94212
859,https://worldbuilding.stackexchange.com/questions/94211
860,https://worldbuilding.stackexchange.com/questions/94210
861,https://worldbuilding.stackexchange.com/questions/94209
862,https://worldbuilding.stackexchange.com/questions/94208
863,https://worldbuilding.stackexchange.com/questions/94207
864,https://worldbuilding.stackexchange.com/questions/94206
865,https://worldbuilding.stackexchange.com/questions/94205
866,https://worldbuilding.stackexchange.com/questions/94204
867,https://writers.stackexchange.com/questions/30436
868,https://writers.stackexchange.com/questions/30435
869,https://writers.stackexchange.com/questions/30434
870,https://writers.stackexchange.com/questions/30433
871,https://writers.stackexchange.com/questions/30432
872,https://writers.stackexchange.com/questions/30431
873,https://writers.stackexchange.com/questions/30430
874,https://writers.stackexchange.com/questions/30429
875,https://writers.stackexchange.com/questions/30428
876,https://writers.stackexchange.com/questions/30427
877,https://writers.stackexchange.com/questions/30426
878,https://writers.stackexchange.com/questions/30425
879,https://writers.stackexchange.com/questions/30424
880,https://writers.stackexchange.com/questions/30423
,url
0,https://academia.stackexchange.com/questions/97031
1,https://academia.stackexchange.com/questions/97030
2,https://academia.stackexchange.com/questions/97029
3,https://academia.stackexchange.com/questions/97028
4,https://academia.stackexchange.com/questions/97027
5,https://academia.stackexchange.com/questions/97026
6,https://academia.stackexchange.com/questions/97025
7,https://aviation.stackexchange.com/questions/44463
8,https://aviation.stackexchange.com/questions/44462
9,https://aviation.stackexchange.com/questions/44461
10,https://aviation.stackexchange.com/questions/44460
11,https://aviation.stackexchange.com/questions/44459
12,https://aviation.stackexchange.com/questions/44458
13,https://aviation.stackexchange.com/questions/44457
14,https://aviation.stackexchange.com/questions/44456
15,https://codegolf.stackexchange.com/questions/144633
16,https://codegolf.stackexchange.com/questions/144632
17,https://codegolf.stackexchange.com/questions/144631
18,https://codegolf.stackexchange.com/questions/144630
19,https://codegolf.stackexchange.com/questions/144629
20,https://codegolf.stackexchange.com/questions/144628
21,https://codegolf.stackexchange.com/questions/144627
22,https://codegolf.stackexchange.com/questions/144626
23,https://mathematica.stackexchange.com/questions/157317
24,https://mathematica.stackexchange.com/questions/157316
25,https://mathematica.stackexchange.com/questions/157315
26,https://mathematica.stackexchange.com/questions/157314
27,https://mathematica.stackexchange.com/questions/157313
28,https://mathematica.stackexchange.com/questions/157312
29,https://mathematica.stackexchange.com/questions/157311
30,https://mathematica.stackexchange.com/questions/157310
31,https://puzzling.stackexchange.com/questions/55738
32,https://puzzling.stackexchange.com/questions/55737
33,https://puzzling.stackexchange.com/questions/55736
34,https://puzzling.stackexchange.com/questions/55735
35,https://puzzling.stackexchange.com/questions/55734
36,https://puzzling.stackexchange.com/questions/55733
37,https://puzzling.stackexchange.com/questions/55732
38,https://puzzling.stackexchange.com/questions/55731
39,https://rpg.stackexchange.com/questions/107991
40,https://rpg.stackexchange.com/questions/107990
41,https://rpg.stackexchange.com/questions/107989
42,https://rpg.stackexchange.com/questions/107988
43,https://rpg.stackexchange.com/questions/107987
44,https://rpg.stackexchange.com/questions/107986
45,https://rpg.stackexchange.com/questions/107985
46,https://rpg.stackexchange.com/questions/107984
47,https://scifi.stackexchange.com/questions/171294
48,https://scifi.stackexchange.com/questions/171293
49,https://scifi.stackexchange.com/questions/171292
50,https://scifi.stackexchange.com/questions/171291
51,https://scifi.stackexchange.com/questions/171290
52,https://scifi.stackexchange.com/questions/171289
53,https://scifi.stackexchange.com/questions/171288
54,https://scifi.stackexchange.com/questions/171287
55,https://security.stackexchange.com/questions/170833
56,https://security.stackexchange.com/questions/170832
57,https://security.stackexchange.com/questions/170831
58,https://security.stackexchange.com/questions/170830
59,https://security.stackexchange.com/questions/170829
60,https://security.stackexchange.com/questions/170828
61,https://security.stackexchange.com/questions/170827
62,https://security.stackexchange.com/questions/170826
63,https://tex.stackexchange.com/questions/395058
64,https://tex.stackexchange.com/questions/395057
65,https://tex.stackexchange.com/questions/395056
66,https://tex.stackexchange.com/questions/395055
67,https://tex.stackexchange.com/questions/395054
68,https://tex.stackexchange.com/questions/395053
69,https://tex.stackexchange.com/questions/395052
70,https://tex.stackexchange.com/questions/395051
71,https://travel.stackexchange.com/questions/103363
72,https://travel.stackexchange.com/questions/103362
73,https://travel.stackexchange.com/questions/103361
74,https://travel.stackexchange.com/questions/103360
75,https://travel.stackexchange.com/questions/103359
76,https://travel.stackexchange.com/questions/103358
77,https://travel.stackexchange.com/questions/103357
78,https://travel.stackexchange.com/questions/103356
79,https://worldbuilding.stackexchange.com/questions/94227
80,https://worldbuilding.stackexchange.com/questions/94226
81,https://worldbuilding.stackexchange.com/questions/94225
82,https://worldbuilding.stackexchange.com/questions/94224
83,https://worldbuilding.stackexchange.com/questions/94223
84,https://worldbuilding.stackexchange.com/questions/94222
85,https://worldbuilding.stackexchange.com/questions/94221
86,https://worldbuilding.stackexchange.com/questions/94220
,url
0,https://academia.stackexchange.com/questions/97047
1,https://academia.stackexchange.com/questions/97046
2,https://askubuntu.stackexchange.com/questions/963103
3,https://askubuntu.stackexchange.com/questions/963102
4,https://chemistry.stackexchange.com/questions/83845
5,https://chemistry.stackexchange.com/questions/83844
6,https://codereview.stackexchange.com/questions/177453
7,https://codereview.stackexchange.com/questions/177452
8,https://cs.stackexchange.com/questions/82180
9,https://cs.stackexchange.com/questions/82179
10,https://electronics.stackexchange.com/questions/333365
11,https://electronics.stackexchange.com/questions/333364
12,https://english.stackexchange.com/questions/413122
13,https://english.stackexchange.com/questions/413121
14,https://history.stackexchange.com/questions/40838
15,https://history.stackexchange.com/questions/40837
16,https://interpersonal.stackexchange.com/questions/5117
17,https://interpersonal.stackexchange.com/questions/5116
18,https://math.stackexchange.com/questions/2463164
19,https://math.stackexchange.com/questions/2463163
20,https://mathematica.stackexchange.com/questions/157359
21,https://mathematica.stackexchange.com/questions/157358
22,https://mathoverflow.stackexchange.com/questions/282957
23,https://mathoverflow.stackexchange.com/questions/282956
24,https://photo.stackexchange.com/questions/93280
25,https://photo.stackexchange.com/questions/93279
26,https://physics.stackexchange.com/questions/361699
27,https://physics.stackexchange.com/questions/361698
28,https://politics.stackexchange.com/questions/25290
29,https://politics.stackexchange.com/questions/25289
30,https://rpg.stackexchange.com/questions/108017
31,https://rpg.stackexchange.com/questions/108016
32,https://scifi.stackexchange.com/questions/171337
33,https://scifi.stackexchange.com/questions/171336
34,https://space.stackexchange.com/questions/23301
35,https://space.stackexchange.com/questions/23300
36,https://stackoverflow.stackexchange.com/questions/46633065
37,https://stackoverflow.stackexchange.com/questions/46633064
38,https://stats.stackexchange.com/questions/306827
39,https://stats.stackexchange.com/questions/306826
40,https://tex.stackexchange.com/questions/395166
41,https://tex.stackexchange.com/questions/395165
42,https://travel.stackexchange.com/questions/103375
43,https://travel.stackexchange.com/questions/103374
44,https://unix.stackexchange.com/questions/396855
45,https://unix.stackexchange.com/questions/396854
46,https://worldbuilding.stackexchange.com/questions/94269
47,https://worldbuilding.stackexchange.com/questions/94268
